Tick,Dist_SameFeature_WithNoise,Dist_DifferentFeature
0,0,0
1,0,0
2,1.242,51.887
3,1.283,43.192
4,1.615,26.004
5,2.18,29.172
6,2.8,34.129
7,3.189,31.121
8,4.303,33.361
9,5.724,34.291
10,6.63,33.658
11,8.827,34.86
12,9.998,34.401
13,10.155,32.635
14,10.952,33.723
15,10.922,33.959
16,7.958,25.981
17,6.763,23.477
18,5.495,20.839
19,4.144,14.823
20,7.712,34.097
21,8.844,35.994
22,11.903,42.156
23,12.488,42.711
24,13.739,93.841
25,16.23,43.608
26,16.78,83.373
27,19.08,51.784
28,18.497,70.312
29,19.391,51.297
30,17.416,82.16
31,13.462,41.201
32,16.963,73.612
33,15.475,40.016
34,21.756,58.66
35,17.06,29.522
36,22.362,44.647
37,15.28,26.048
38,19.812,34.478
39,14.627,27.663
40,17.777,30.389
41,14.825,30.907
42,17.676,31.959
43,14.462,33.428
44,18.456,37.499
45,12.833,36.142
46,19.802,42.454
47,11.491,38.238
48,20.25,42.589
49,10.53,36.212
50,20.802,39.384
51,10.422,30.858
52,19.934,35.188
53,10.664,25.352
54,18.466,31.064
55,10.484,21.221
56,16.383,28.386
57,10.904,19.729
58,14.911,26.282
59,11.109,19.107
60,12.853,24.763
61,11.283,19.26
62,12.068,23.86
63,11.352,18.91
64,11.632,24.446
65,11.349,18.471
66,12.01,24.963
67,11.088,17.457
68,11.959,25.56
69,10.64,17.171
70,12.328,26.129
71,10.229,16.451
72,12.215,25.598
73,10.026,16.546
74,12.027,24.992
75,10.018,16.918
76,11.848,23.882
77,9.882,17.652
78,11.799,22.493
79,10.024,19.1
80,11.196,20.883
81,10.045,20.272
82,11.23,20.349
83,10.034,21.278
84,10.753,19.973
85,9.952,21.905
86,10.863,19.993
87,10.164,22.436
88,10.569,20.082
89,10.026,21.84
90,10.845,20.29
91,9.961,20.73
92,10.658,20.372
93,9.992,19.579
94,10.878,20.68
95,9.955,18.535
96,10.608,20.77
97,9.718,17.618
98,10.704,20.924
99,10.046,17.537
100,10.586,20.987
101,9.899,17.207
102,10.695,21.104
103,9.913,17.311
104,10.575,21.037
105,9.878,17.434
106,10.537,20.88
107,9.886,17.512
108,10.386,20.209
109,9.763,17.691
110,10.204,20.038
111,9.807,18.072
112,10.286,19.927
113,10.044,18.387
114,10.474,19.433
115,9.746,18.617
116,10.392,19.054
117,9.875,18.879
118,10.38,18.791
119,9.811,19.113
120,10.219,18.702
121,9.955,19.318
122,10.396,18.774
123,9.783,19.363
124,10.304,18.943
125,9.86,18.944
126,10.069,18.796
127,9.773,18.67
128,10.253,19.16
129,9.824,18.453
130,10.005,18.969
131,9.796,17.886
132,10.105,18.908
133,9.808,17.742
134,10.123,19.034
135,9.822,17.645
136,10.027,19.35
137,9.806,17.505
138,10.1,19.073
139,9.743,17.632
140,10.015,19.09
141,9.653,17.718
142,9.976,19.034
143,9.846,17.913
144,9.997,18.837
145,9.601,17.888
146,10.006,18.84
147,9.754,17.873
148,9.958,18.605
149,9.587,18.097
150,9.913,18.41
151,9.815,18.278
152,9.943,18.563
153,9.615,18.253
154,9.788,18.331
155,9.529,18.305
156,9.954,18.282
157,9.722,18.387
158,9.995,18.216
159,9.808,18.23
160,10.017,18.486
161,9.671,18.042
162,9.849,18.225
163,9.556,17.947
164,9.78,18.631
165,9.616,17.904
166,9.931,18.428
167,9.706,17.795
168,9.848,18.427
169,9.741,17.755
170,9.895,18.48
171,9.833,17.634
172,10.058,18.475
173,9.456,17.453
174,9.936,18.211
175,9.629,17.717
176,9.828,18.491
177,9.649,17.813
178,9.832,18.264
179,9.664,17.584
180,9.74,18.331
181,9.548,17.898
182,9.777,18.326
183,9.632,17.824
184,9.854,18.309
185,9.484,17.783
186,9.677,18.072
187,9.572,17.936
188,9.871,18.146
189,9.64,18.045
190,9.751,18.135
191,9.628,17.906
192,9.809,18.102
193,9.682,17.911
194,9.804,18.034
195,9.636,17.896
196,9.749,18.189
197,9.563,17.902
198,9.815,18.174
199,9.686,17.885
200,9.84,18.24
201,9.73,17.954
202,9.846,18.146
203,9.792,17.621
204,9.717,18.074
205,9.566,17.769
206,9.76,18.13
207,9.543,17.637
208,9.746,18.216
209,9.564,17.634
210,9.715,18.135
211,9.538,17.646
212,9.54,18.082
213,9.629,17.663
214,9.758,18.236
215,9.602,17.75
216,9.735,17.972
217,9.59,17.818
218,9.582,18.062
219,9.472,17.583
220,9.678,18.127
221,9.557,17.844
222,9.701,17.832
223,9.522,17.73
224,9.603,17.867
225,9.661,17.896
226,9.595,17.948
227,9.701,17.766
228,9.743,18.18
229,9.544,17.824
230,9.677,17.917
231,9.548,17.631
232,9.537,18.005
233,9.485,17.673
234,9.648,17.949
235,9.601,17.722
236,9.635,18.034
237,9.621,17.748
238,9.641,18.034
239,9.58,17.746
240,9.632,18.002
241,9.546,17.823
242,9.651,18.121
243,9.541,17.627
244,9.596,17.982
245,9.308,17.765
246,9.604,18.036
247,9.547,17.659
248,9.637,18.003
249,9.525,17.579
250,9.673,18.041
251,9.544,17.556
252,9.526,17.939
253,9.546,17.864
254,9.74,17.846
255,9.59,17.652
256,9.65,17.987
257,9.58,17.717
258,9.595,17.773
259,9.458,17.818
260,9.59,18.005
261,9.63,17.827
262,9.565,17.803
263,9.544,17.538
264,9.714,17.831
265,9.536,17.841
266,9.597,17.846
267,9.592,17.424
268,9.562,17.928
269,9.436,17.719
270,9.63,17.931
271,9.663,17.645
272,9.689,17.894
273,9.635,17.623
274,9.773,18.05
275,9.801,17.728
276,9.559,17.954
277,9.458,17.798
278,9.811,17.919
279,9.536,17.698
280,9.697,17.914
281,9.583,17.675
282,9.6,17.868
283,9.45,17.539
284,9.574,17.845
285,9.52,17.761
286,9.563,17.881
287,9.515,17.702
288,9.568,17.891
289,9.463,17.732
290,9.67,17.845
291,9.562,17.705
292,9.644,17.943
293,9.496,17.795
294,9.494,17.713
295,9.619,17.679
296,9.587,17.675
297,9.473,17.476
298,9.65,17.79
299,9.535,17.529
300,9.666,17.89
301,9.539,17.774
302,9.75,17.861
303,9.539,17.683
304,9.561,17.838
305,9.439,17.67
306,9.649,17.867
307,9.501,17.6
308,9.532,17.845
309,9.429,17.657
310,9.567,18.008
311,9.565,17.6
312,9.611,17.937
313,9.542,17.658
314,9.67,17.902
315,9.572,17.461
316,9.593,17.816
317,9.535,17.604
318,9.657,17.86
319,9.552,17.673
320,9.632,17.743
321,9.51,17.641
322,9.569,17.9
323,9.443,17.601
324,9.469,17.708
325,9.435,17.712
326,9.64,17.867
327,9.598,17.509
328,9.492,17.82
329,9.582,17.587
330,9.587,17.515
331,9.671,17.746
332,9.58,17.831
333,9.482,17.686
334,9.541,17.77
335,9.468,17.539
336,9.67,17.799
337,9.58,17.645
338,9.552,17.757
339,9.495,17.485
340,9.517,17.903
341,9.469,17.714
342,9.669,17.775
343,9.446,17.519
344,9.628,17.967
345,9.493,17.579
346,9.477,17.839
347,9.485,17.489
348,9.685,17.847
349,9.537,17.708
350,9.61,17.898
351,9.486,17.569
352,9.547,17.742
353,9.578,17.648
354,9.638,17.794
355,9.552,17.672
356,9.378,17.824
357,9.501,17.731
358,9.53,17.843
359,9.323,17.649
360,9.585,17.659
361,9.512,17.857
362,9.677,17.808
363,9.51,17.429
364,9.535,17.887
365,9.641,17.702
366,9.695,17.691
367,9.506,17.604
368,9.522,17.68
369,9.524,17.66
370,9.564,17.633
371,9.457,17.5
372,9.396,17.718
373,9.505,17.595
374,9.508,17.888
375,9.486,17.576
376,9.53,17.807
377,9.518,17.591
378,9.596,17.76
379,9.45,17.668
380,9.428,17.78
381,9.568,17.69
382,9.603,17.714
383,9.663,17.516
384,9.465,17.671
385,9.439,17.57
386,9.665,17.791
387,9.605,17.701
388,9.45,17.871
389,9.453,17.711
390,9.696,17.746
391,9.542,17.759
392,9.575,17.802
393,9.458,17.634
394,9.559,17.91
395,9.576,17.529
396,9.614,17.766
397,9.429,17.692
398,9.506,17.806
399,9.417,17.565
400,9.404,17.745
401,9.436,17.735
402,9.352,17.773
403,9.256,17.686
404,9.342,17.734
405,9.537,17.722
406,9.626,17.947
407,9.536,17.645
408,9.433,17.739
409,9.518,17.703
410,9.497,17.877
411,9.567,17.642
412,9.588,17.696
413,9.506,17.615
414,9.501,17.783
415,9.495,17.49
416,9.385,17.708
417,9.395,17.671
418,9.563,17.694
419,9.428,17.612
420,9.691,17.676
421,9.456,17.724
422,9.601,17.741
423,9.501,17.576
424,9.491,17.668
425,9.447,17.557
426,9.411,17.802
427,9.383,17.485
428,9.577,17.776
429,9.497,17.698
430,9.524,17.759
431,9.588,17.641
432,9.583,17.681
433,9.454,17.478
434,9.613,17.819
435,9.303,17.468
436,9.21,17.691
437,9.455,17.612
438,9.521,17.593
439,9.441,17.691
440,9.51,17.981
441,9.556,17.606
442,9.661,17.642
443,9.424,17.574
444,9.429,17.639
445,9.612,17.715
446,9.556,17.949
447,9.575,17.704
448,9.435,17.812
449,9.419,17.625
450,9.498,17.628
451,9.548,17.644
452,9.413,17.788
453,9.368,17.673
454,9.627,17.635
455,9.487,17.729
456,9.612,17.824
457,9.616,17.55
458,9.634,17.819
459,9.413,17.629
460,9.475,17.795
461,9.445,17.621
462,9.536,17.828
463,9.437,17.578
464,9.338,17.908
465,9.421,17.568
466,9.525,17.771
467,9.474,17.676
468,9.453,17.757
469,9.381,17.74
470,9.621,17.781
471,9.548,17.554
472,9.498,17.708
473,9.569,17.494
474,9.447,17.624
475,9.27,17.526
476,9.422,17.713
477,9.526,17.764
478,9.418,17.731
479,9.334,17.652
480,9.436,17.694
481,9.492,17.753
482,9.49,17.77
483,9.479,17.485
484,9.344,17.65
485,9.549,17.67
486,9.516,17.75
487,9.443,17.608
488,9.504,17.622
489,9.582,17.695
490,9.598,17.684
491,9.429,17.491
492,9.42,17.75
493,9.41,17.505
494,9.622,17.844
495,9.472,17.633
496,9.454,17.775
497,9.529,17.627
498,9.543,17.67
499,9.358,17.371
500,9.342,17.663
501,9.425,17.656
502,9.429,17.862
503,9.373,17.531
504,9.474,17.697
505,9.488,17.574
506,9.547,17.784
507,9.458,17.808
508,9.393,17.74
509,9.462,17.52
510,9.48,17.746
511,9.514,17.699
512,9.529,17.722
513,9.448,17.741
514,9.548,17.83
515,9.481,17.662
516,9.423,17.715
517,9.457,17.662
518,9.56,17.649
519,9.621,17.718
520,9.625,17.812
521,9.564,17.566
522,9.495,17.682
523,9.419,17.648
524,9.356,17.715
525,9.425,17.629
526,9.605,17.717
527,9.649,17.531
528,9.538,17.859
529,9.3,17.596
530,9.603,17.92
531,9.441,17.625
532,9.579,17.86
533,9.552,17.793
534,9.527,17.637
535,9.59,17.607
536,9.498,17.862
537,9.438,17.865
538,9.566,17.883
539,9.525,17.661
540,9.243,17.705
541,9.315,17.861
542,9.473,17.719
543,9.426,17.706
544,9.421,17.842
545,9.406,17.613
546,9.499,17.617
547,9.469,17.658
548,9.416,17.853
549,9.287,17.658
550,9.467,17.766
551,9.617,17.553
552,9.575,17.614
553,9.537,17.754
554,9.52,17.705
555,9.449,17.442
556,9.353,17.62
557,9.598,17.576
558,9.582,17.722
559,9.411,17.487
560,9.377,17.753
561,9.328,17.662
562,9.541,17.707
563,9.469,17.41
564,9.364,17.831
565,9.629,17.824
566,9.407,17.766
567,9.617,17.654
568,9.511,17.803
569,9.441,17.692
570,9.492,17.595
571,9.396,17.682
572,9.702,17.895
573,9.458,17.691
574,9.694,17.799
575,9.51,17.595
576,9.39,17.705
577,9.369,17.746
578,9.544,17.78
579,9.543,17.695
580,9.468,17.729
581,9.479,17.653
582,9.588,17.53
583,9.607,17.656
584,9.491,17.785
585,9.374,17.543
586,9.525,17.921
587,9.349,17.62
588,9.357,17.602
589,9.405,17.615
590,9.597,17.706
591,9.581,17.567
592,9.571,17.769
593,9.566,17.517
594,9.482,17.729
595,9.498,17.468
596,9.443,17.664
597,9.349,17.429
598,9.594,17.651
599,9.515,17.618
600,9.249,17.774
601,9.409,17.659
602,9.521,17.618
603,9.419,17.59
604,9.497,17.73
605,9.437,17.755
606,9.407,17.578
607,9.436,17.679
608,9.345,17.757
609,9.39,17.534
610,9.397,17.654
611,9.464,17.667
612,9.445,17.816
613,9.559,17.593
614,9.55,17.794
615,9.494,17.603
616,9.555,17.696
617,9.438,17.563
618,9.452,17.616
619,9.405,17.678
620,9.423,17.652
621,9.57,17.445
622,9.432,17.691
623,9.415,17.625
624,9.492,17.605
625,9.499,17.537
626,9.645,17.694
627,9.562,17.563
628,9.516,17.808
629,9.451,17.571
630,9.425,17.675
631,9.423,17.385
632,9.419,17.781
633,9.5,17.879
634,9.464,17.617
635,9.585,17.668
636,9.445,17.76
637,9.415,17.708
638,9.528,17.761
639,9.586,17.647
640,9.505,17.731
641,9.408,17.67
642,9.544,17.663
643,9.563,17.611
644,9.485,17.751
645,9.504,17.737
646,9.433,17.733
647,9.553,17.762
648,9.478,17.729
649,9.401,17.556
650,9.523,17.783
651,9.387,17.498
652,9.522,17.752
653,9.471,17.64
654,9.368,17.642
655,9.475,17.542
656,9.379,17.704
657,9.439,17.404
658,9.57,17.726
659,9.503,17.497
660,9.392,17.764
661,9.376,17.576
662,9.518,17.549
663,9.592,17.626
664,9.562,17.799
665,9.547,17.588
666,9.449,17.512
667,9.546,17.765
668,9.496,17.588
669,9.575,17.473
670,9.643,17.707
671,9.492,17.746
672,9.516,17.625
673,9.42,17.472
674,9.534,17.694
675,9.552,17.542
676,9.643,17.896
677,9.314,17.706
678,9.229,17.797
679,9.286,17.587
680,9.272,17.792
681,9.529,17.63
682,9.495,17.751
683,9.402,17.572
684,9.378,17.561
685,9.518,17.71
686,9.652,17.756
687,9.564,17.661
688,9.454,17.897
689,9.533,17.678
690,9.605,17.566
691,9.503,17.717
692,9.482,17.687
693,9.586,17.629
694,9.671,17.566
695,9.583,17.463
696,9.566,17.583
697,9.516,17.563
698,9.566,17.704
699,9.652,17.624
700,9.617,17.885
701,9.669,17.675
702,9.601,17.684
703,9.491,17.538
704,9.349,17.739
705,9.354,17.51
706,9.514,17.722
707,9.499,17.617
708,9.554,17.591
709,9.514,17.727
710,9.469,17.704
711,9.514,17.562
712,9.617,17.936
713,9.412,17.677
714,9.55,17.622
715,9.493,17.656
716,9.35,17.597
717,9.372,17.743
718,9.487,17.709
719,9.462,17.55
720,9.418,17.744
721,9.328,17.67
722,9.362,17.661
723,9.493,17.497
724,9.59,17.875
725,9.558,17.754
726,9.478,17.384
727,9.458,17.567
728,9.565,17.804
729,9.581,17.61
730,9.581,17.681
731,9.486,17.659
732,9.373,17.578
733,9.474,17.38
734,9.587,17.625
735,9.552,17.56
736,9.511,17.762
737,9.517,17.572
738,9.616,17.746
739,9.588,17.741
740,9.48,17.823
741,9.429,17.57
742,9.577,17.647
743,9.528,17.504
744,9.493,17.755
745,9.607,17.605
746,9.535,17.794
747,9.549,17.605
748,9.482,17.917
749,9.515,17.594
750,9.519,17.83
751,9.515,17.799
752,9.469,17.704
753,9.514,17.544
754,9.513,17.533
755,9.461,17.538
756,9.358,17.651
757,9.281,17.639
758,9.515,17.815
759,9.431,17.681
760,9.466,17.69
761,9.521,17.629
762,9.665,17.65
763,9.424,17.68
764,9.35,17.506
765,9.473,17.462
766,9.455,17.713
767,9.587,17.505
768,9.622,17.623
769,9.436,17.584
770,9.58,17.658
771,9.472,17.622
772,9.445,17.714
773,9.5,17.527
774,9.559,17.718
775,9.433,17.556
776,9.498,17.622
777,9.518,17.497
778,9.532,17.633
779,9.463,17.505
780,9.538,17.585
781,9.552,17.582
782,9.437,17.603
783,9.531,17.526
784,9.413,17.673
785,9.451,17.754
786,9.557,17.704
787,9.545,17.587
788,9.583,17.603
789,9.451,17.525
790,9.547,17.622
791,9.646,17.625
792,9.432,17.734
793,9.447,17.587
794,9.505,17.715
795,9.502,17.568
796,9.385,17.621
797,9.394,17.613
798,9.323,17.528
799,9.387,17.511
800,9.519,17.763
801,9.538,17.938
802,9.529,17.801
803,9.505,17.426
804,9.473,17.717
805,9.501,17.471
806,9.513,17.756
807,9.507,17.559
808,9.422,17.737
809,9.359,17.657
810,9.372,17.479
811,9.487,17.555
812,9.44,17.823
813,9.476,17.563
814,9.414,17.572
815,9.468,17.46
816,9.345,17.55
817,9.547,17.567
818,9.416,17.661
819,9.426,17.685
820,9.449,17.724
821,9.486,17.621
822,9.455,17.479
823,9.396,17.569
824,9.536,17.602
825,9.473,17.576
826,9.397,17.61
827,9.499,17.542
828,9.587,17.853
829,9.514,17.644
830,9.575,17.778
831,9.474,17.64
832,9.406,17.697
833,9.502,17.599
834,9.37,17.632
835,9.398,17.43
836,9.394,17.61
837,9.388,17.592
838,9.578,17.968
839,9.459,17.543
840,9.391,17.693
841,9.276,17.527
842,9.329,17.469
843,9.543,17.497
844,9.519,17.665
845,9.422,17.476
846,9.431,17.612
847,9.399,17.585
848,9.522,17.706
849,9.489,17.519
850,9.479,17.804
851,9.564,17.685
852,9.458,17.675
853,9.506,17.728
854,9.569,17.627
855,9.456,17.44
856,9.355,17.711
857,9.577,17.777
858,9.277,17.678
859,9.381,17.627
860,9.492,17.622
861,9.573,17.703
862,9.451,17.63
863,9.534,17.435
864,9.4,17.623
865,9.388,17.557
866,9.597,17.691
867,9.462,17.451
868,9.22,17.679
869,9.331,17.598
870,9.474,17.523
871,9.362,17.51
872,9.443,17.664
873,9.451,17.555
874,9.513,17.876
875,9.483,17.512
876,9.492,17.708
877,9.507,17.418
878,9.529,17.556
879,9.471,17.613
880,9.318,17.622
881,9.478,17.667
882,9.376,17.528
883,9.399,17.609
884,9.41,17.763
885,9.492,17.587
886,9.448,17.611
887,9.462,17.555
888,9.444,17.668
889,9.401,17.527
890,9.573,17.595
891,9.482,17.857
892,9.468,17.704
893,9.37,17.68
894,9.399,17.694
895,9.509,17.418
896,9.35,17.738
897,9.413,17.633
898,9.465,17.885
899,9.471,17.569
900,9.34,17.576
901,9.393,17.654
902,9.618,17.686
903,9.538,17.523
904,9.271,17.688
905,9.411,17.795
906,9.388,17.538
907,9.354,17.482
908,9.487,17.871
909,9.368,17.659
910,9.505,17.72
911,9.704,17.585
912,9.53,17.632
913,9.394,17.642
914,9.573,17.575
915,9.629,17.608
916,9.446,17.833
917,9.313,17.603
918,9.3,17.584
919,9.469,17.611
920,9.547,17.644
921,9.537,17.694
922,9.454,17.823
923,9.447,17.578
924,9.369,17.522
925,9.368,17.561
926,9.467,17.592
927,9.452,17.692
928,9.448,17.739
929,9.46,17.538
930,9.457,17.451
931,9.37,17.443
932,9.453,17.651
933,9.534,17.607
934,9.557,17.757
935,9.517,17.591
936,9.428,17.763
937,9.412,17.617
938,9.467,17.644
939,9.534,17.501
940,9.484,17.661
941,9.34,17.436
942,9.495,17.639
943,9.457,17.572
944,9.45,17.633
945,9.492,17.653
946,9.425,17.638
947,9.354,17.545
948,9.36,17.629
949,9.532,17.432
950,9.521,17.699
951,9.338,17.435
952,9.201,17.477
953,9.434,17.768
954,9.391,17.676
955,9.523,17.508
956,9.534,17.662
957,9.481,17.619
958,9.534,17.698
959,9.51,17.601
960,9.453,17.548
961,9.478,17.598
962,9.728,17.654
963,9.478,17.613
964,9.399,17.68
965,9.326,17.576
966,9.266,17.582
967,9.247,17.442
968,9.337,17.58
969,9.42,17.544
970,9.525,17.571
971,9.502,17.527
972,9.369,17.805
973,9.23,17.445
974,9.48,17.694
975,9.232,17.481
976,9.319,17.717
977,9.337,17.727
978,9.266,17.594
979,9.408,17.55
980,9.375,17.576
981,9.312,17.62
982,9.445,17.611
983,9.441,17.576
984,9.284,17.647
985,9.374,17.544
986,9.475,17.494
987,9.555,17.541
988,9.483,17.72
989,9.4,17.648
990,9.473,17.475
991,9.31,17.388
992,9.404,17.614
993,9.584,17.472
994,9.42,17.674
995,9.356,17.649
996,9.313,17.596
997,9.428,17.55
998,9.492,17.482
999,9.637,17.555
1000,9.545,17.853
1001,9.387,17.506
1002,9.377,17.588
1003,9.316,17.409
1004,9.48,17.82
1005,9.38,17.54
1006,9.484,17.624
1007,9.575,17.655
1008,9.377,17.683
1009,9.38,17.657
1010,9.487,17.545
1011,9.435,17.577
1012,9.358,17.769
1013,9.45,17.722
1014,9.46,17.508
1015,9.479,17.443
1016,9.448,17.688
1017,9.48,17.487
1018,9.472,17.531
1019,9.41,17.766
1020,9.463,17.525
1021,9.352,17.255
1022,9.518,17.496
1023,9.466,17.521
1024,9.338,17.712
1025,9.363,17.445
1026,9.296,17.488
1027,9.419,17.471
1028,9.628,17.737
1029,9.549,17.569
1030,9.404,17.512
1031,9.498,17.591
1032,9.374,17.461
1033,9.52,17.592
1034,9.585,17.777
1035,9.508,17.443
1036,9.499,17.866
1037,9.427,17.742
1038,9.393,17.683
1039,9.378,17.541
1040,9.381,17.795
1041,9.487,17.633
1042,9.469,17.773
1043,9.61,17.743
1044,9.396,17.615
1045,9.431,17.501
1046,9.516,17.553
1047,9.415,17.593
1048,9.465,17.585
1049,9.504,17.666
1050,9.364,17.585
1051,9.458,17.486
1052,9.416,17.541
1053,9.415,17.491
1054,9.463,17.653
1055,9.502,17.528
1056,9.445,17.498
1057,9.515,17.655
1058,9.528,17.621
1059,9.36,17.286
1060,9.329,17.439
1061,9.26,17.546
1062,9.419,17.671
1063,9.437,17.564
1064,9.521,17.643
1065,9.472,17.557
1066,9.43,17.68
1067,9.338,17.727
1068,9.535,17.728
1069,9.363,17.45
1070,9.569,17.536
1071,9.616,17.567
1072,9.492,17.648
1073,9.407,17.427
1074,9.497,17.715
1075,9.403,17.637
1076,9.43,17.787
1077,9.423,17.671
1078,9.443,17.562
1079,9.374,17.632
1080,9.338,17.577
1081,9.444,17.574
1082,9.577,17.588
1083,9.476,17.565
1084,9.304,17.685
1085,9.386,17.661
1086,9.455,17.383
1087,9.452,17.553
1088,9.417,17.596
1089,9.475,17.575
1090,9.508,17.7
1091,9.463,17.479
1092,9.539,17.71
1093,9.387,17.468
1094,9.535,17.557
1095,9.384,17.474
1096,9.354,17.643
1097,9.474,17.438
1098,9.475,17.562
1099,9.459,17.574
1100,9.403,17.72
1101,9.393,17.587
1102,9.361,17.603
1103,9.407,17.67
1104,9.411,17.709
1105,9.356,17.423
1106,9.465,17.597
1107,9.441,17.596
1108,9.397,17.675
1109,9.409,17.569
1110,9.412,17.604
1111,9.437,17.528
1112,9.427,17.758
1113,9.464,17.632
1114,9.505,17.778
1115,9.398,17.631
1116,9.343,17.677
1117,9.361,17.604
1118,9.485,17.552
1119,9.432,17.584
1120,9.391,17.747
1121,9.379,17.59
1122,9.511,17.569
1123,9.559,17.646
1124,9.428,17.743
1125,9.411,17.608
1126,9.372,17.544
1127,9.436,17.457
1128,9.421,17.548
1129,9.454,17.589
1130,9.58,17.583
1131,9.568,17.536
1132,9.284,17.807
1133,9.479,17.564
1134,9.37,17.617
1135,9.474,17.331
1136,9.442,17.559
1137,9.424,17.612
1138,9.563,17.583
1139,9.434,17.606
1140,9.406,17.612
1141,9.369,17.65
1142,9.428,17.642
1143,9.509,17.543
1144,9.413,17.765
1145,9.486,17.59
1146,9.574,17.578
1147,9.327,17.506
1148,9.261,17.555
1149,9.343,17.598
1150,9.422,17.547
1151,9.306,17.586
1152,9.442,17.617
1153,9.376,17.64
1154,9.372,17.546
1155,9.345,17.444
1156,9.41,17.563
1157,9.409,17.5
1158,9.459,17.512
1159,9.588,17.5
1160,9.44,17.542
1161,9.501,17.379
1162,9.347,17.453
1163,9.349,17.43
1164,9.359,17.597
1165,9.332,17.435
1166,9.572,17.539
1167,9.428,17.508
1168,9.431,17.635
1169,9.52,17.472
1170,9.405,17.717
1171,9.359,17.668
1172,9.365,17.859
1173,9.451,17.622
1174,9.443,17.621
1175,9.341,17.599
1176,9.461,17.569
1177,9.47,17.47
1178,9.45,17.556
1179,9.608,17.613
1180,9.458,17.759
1181,9.4,17.393
1182,9.54,17.465
1183,9.6,17.674
1184,9.352,17.822
1185,9.435,17.54
1186,9.345,17.631
1187,9.368,17.64
1188,9.404,17.606
1189,9.513,17.594
1190,9.511,17.619
1191,9.441,17.345
1192,9.483,17.593
1193,9.457,17.775
1194,9.494,17.502
1195,9.45,17.29
1196,9.358,17.624
1197,9.297,17.423
1198,9.417,17.47
1199,9.284,17.567
1200,9.497,17.624
1201,9.478,17.353
1202,9.515,17.797
1203,9.393,17.63
1204,9.321,17.585
1205,9.444,17.46
1206,9.486,17.594
1207,9.394,17.543
1208,9.257,17.518
1209,9.325,17.513
1210,9.338,17.508
1211,9.376,17.571
1212,9.395,17.532
1213,9.346,17.498
1214,9.436,17.66
1215,9.429,17.534
1216,9.451,17.725
1217,9.5,17.521
1218,9.517,17.465
1219,9.387,17.418
1220,9.411,17.704
1221,9.499,17.646
1222,9.473,17.476
1223,9.484,17.483
1224,9.338,17.573
1225,9.313,17.615
1226,9.499,17.738
1227,9.356,17.427
1228,9.448,17.632
1229,9.368,17.538
1230,9.384,17.648
1231,9.415,17.562
1232,9.226,17.606
1233,9.248,17.407
1234,9.485,17.501
1235,9.46,17.677
1236,9.372,17.607
1237,9.412,17.511
1238,9.423,17.684
1239,9.471,17.558
1240,9.438,17.715
1241,9.418,17.65
1242,9.418,17.701
1243,9.37,17.491
1244,9.284,17.585
1245,9.349,17.614
1246,9.442,17.528
1247,9.406,17.625
1248,9.393,17.65
1249,9.365,17.533
1250,9.518,17.651
1251,9.315,17.458
1252,9.396,17.361
1253,9.415,17.441
1254,9.288,17.426
1255,9.29,17.489
1256,9.244,17.63
1257,9.377,17.566
1258,9.392,17.557
1259,9.321,17.599
1260,9.401,17.667
1261,9.352,17.422
1262,9.34,17.684
1263,9.416,17.382
1264,9.53,17.628
1265,9.465,17.56
1266,9.457,17.46
1267,9.415,17.405
1268,9.288,17.513
1269,9.502,17.671
1270,9.372,17.615
1271,9.373,17.436
1272,9.444,17.491
1273,9.34,17.546
1274,9.385,17.631
1275,9.455,17.471
1276,9.359,17.579
1277,9.584,17.409
1278,9.523,17.368
1279,9.415,17.347
1280,9.487,17.571
1281,9.354,17.635
1282,9.299,17.377
1283,9.352,17.282
1284,9.309,17.614
1285,9.413,17.591
1286,9.524,17.555
1287,9.55,17.518
1288,9.511,17.555
1289,9.383,17.384
1290,9.479,17.533
1291,9.298,17.487
1292,9.433,17.638
1293,9.517,17.66
1294,9.47,17.704
1295,9.481,17.612
1296,9.376,17.587
1297,9.23,17.497
1298,9.468,17.728
1299,9.486,17.45
1300,9.452,17.507
1301,9.385,17.461
1302,9.441,17.465
1303,9.355,17.589
1304,9.337,17.829
1305,9.446,17.627
1306,9.307,17.507
1307,9.242,17.583
1308,9.31,17.565
1309,9.362,17.524
1310,9.464,17.59
1311,9.462,17.687
1312,9.517,17.789
1313,9.495,17.465
1314,9.593,17.531
1315,9.614,17.501
1316,9.438,17.606
1317,9.555,17.651
1318,9.53,17.757
1319,9.525,17.623
1320,9.409,17.535
1321,9.389,17.49
1322,9.538,17.516
1323,9.382,17.541
1324,9.509,17.671
1325,9.443,17.349
1326,9.499,17.439
1327,9.48,17.481
1328,9.471,17.82
1329,9.501,17.635
1330,9.587,17.537
1331,9.446,17.426
1332,9.488,17.547
1333,9.506,17.605
1334,9.456,17.563
1335,9.403,17.382
1336,9.339,17.574
1337,9.365,17.493
1338,9.41,17.497
1339,9.462,17.527
1340,9.42,17.598
1341,9.556,17.487
1342,9.485,17.433
1343,9.361,17.675
1344,9.383,17.582
1345,9.442,17.49
1346,9.418,17.597
1347,9.461,17.568
1348,9.517,17.654
1349,9.438,17.52
1350,9.513,17.498
1351,9.355,17.47
1352,9.392,17.778
1353,9.362,17.651
1354,9.323,17.642
1355,9.356,17.647
1356,9.228,17.716
1357,9.397,17.575
1358,9.572,17.882
1359,9.535,17.5
1360,9.403,17.456
1361,9.503,17.589
1362,9.445,17.563
1363,9.494,17.435
1364,9.408,17.712
1365,9.371,17.524
1366,9.336,17.603
1367,9.355,17.639
1368,9.443,17.561
1369,9.269,17.597
1370,9.528,17.568
1371,9.543,17.532
1372,9.368,17.62
1373,9.443,17.332
1374,9.467,17.509
1375,9.459,17.558
1376,9.522,17.666
1377,9.405,17.602
1378,9.457,17.741
1379,9.453,17.573
1380,9.388,17.508
1381,9.351,17.51
1382,9.481,17.695
1383,9.463,17.648
1384,9.448,17.656
1385,9.429,17.542
1386,9.345,17.369
1387,9.301,17.396
1388,9.492,17.634
1389,9.394,17.543
1390,9.347,17.448
1391,9.367,17.416
1392,9.337,17.6
1393,9.28,17.389
1394,9.392,17.436
1395,9.514,17.484
1396,9.405,17.573
1397,9.317,17.336
1398,9.427,17.378
1399,9.412,17.423
1400,9.474,17.751
1401,9.542,17.538
1402,9.483,17.575
1403,9.456,17.437
1404,9.55,17.455
1405,9.338,17.436
1406,9.355,17.605
1407,9.399,17.496
1408,9.342,17.625
1409,9.442,17.475
1410,9.454,17.502
1411,9.304,17.339
1412,9.442,17.641
1413,9.47,17.699
1414,9.42,17.523
1415,9.506,17.443
1416,9.443,17.527
1417,9.436,17.491
1418,9.496,17.595
1419,9.418,17.401
1420,9.481,17.607
1421,9.522,17.435
1422,9.503,17.448
1423,9.486,17.472
1424,9.441,17.486
1425,9.396,17.463
1426,9.372,17.535
1427,9.34,17.45
1428,9.409,17.444
1429,9.454,17.492
1430,9.495,17.509
1431,9.577,17.467
1432,9.528,17.505
1433,9.481,17.591
1434,9.363,17.616
1435,9.338,17.495
1436,9.426,17.635
1437,9.386,17.57
1438,9.517,17.541
1439,9.361,17.457
1440,9.316,17.532
1441,9.416,17.478
1442,9.391,17.455
1443,9.464,17.645
1444,9.427,17.757
1445,9.446,17.428
1446,9.435,17.66
1447,9.396,17.514
1448,9.391,17.618
1449,9.447,17.564
1450,9.42,17.484
1451,9.438,17.289
1452,9.338,17.459
1453,9.476,17.504
1454,9.463,17.503
1455,9.632,17.506
1456,9.52,17.621
1457,9.468,17.526
1458,9.451,17.478
1459,9.431,17.498
1460,9.497,17.604
1461,9.472,17.69
1462,9.33,17.623
1463,9.485,17.271
1464,9.473,17.349
1465,9.336,17.581
1466,9.434,17.559
1467,9.493,17.503
1468,9.447,17.685
1469,9.383,17.556
1470,9.372,17.365
1471,9.335,17.397
1472,9.447,17.73
1473,9.481,17.511
1474,9.45,17.62
1475,9.248,17.528
1476,9.269,17.492
1477,9.447,17.622
1478,9.555,17.684
1479,9.601,17.396
1480,9.441,17.631
1481,9.318,17.517
1482,9.353,17.523
1483,9.421,17.581
1484,9.463,17.644
1485,9.283,17.594
1486,9.521,17.627
1487,9.464,17.436
1488,9.518,17.606
1489,9.566,17.389
1490,9.473,17.643
1491,9.501,17.522
1492,9.439,17.642
1493,9.364,17.349
1494,9.34,17.337
1495,9.376,17.49
1496,9.424,17.528
1497,9.428,17.596
1498,9.498,17.521
1499,9.47,17.532
1500,9.35,17.466
1501,9.491,17.474
1502,9.551,17.682
1503,9.415,17.485
1504,9.447,17.718
1505,9.45,17.562
1506,9.427,17.613
1507,9.327,17.555
1508,9.27,17.544
1509,9.389,17.584
1510,9.553,17.604
1511,9.38,17.383
1512,9.386,17.54
1513,9.473,17.444
1514,9.558,17.39
1515,9.5,17.506
1516,9.498,17.54
1517,9.412,17.432
1518,9.345,17.64
1519,9.351,17.367
1520,9.471,17.486
1521,9.456,17.712
1522,9.511,17.542
1523,9.455,17.501
1524,9.358,17.565
1525,9.278,17.423
1526,9.464,17.568
1527,9.431,17.504
1528,9.391,17.727
1529,9.443,17.437
1530,9.466,17.55
1531,9.444,17.363
1532,9.403,17.5
1533,9.445,17.637
1534,9.542,17.561
1535,9.46,17.554
1536,9.382,17.575
1537,9.496,17.511
1538,9.62,17.599
1539,9.418,17.576
1540,9.4,17.759
1541,9.324,17.585
1542,9.564,17.585
1543,9.452,17.567
1544,9.348,17.539
1545,9.488,17.506
1546,9.531,17.571
1547,9.498,17.556
1548,9.263,17.573
1549,9.368,17.44
1550,9.443,17.639
1551,9.375,17.414
1552,9.28,17.529
1553,9.456,17.467
1554,9.488,17.398
1555,9.309,17.418
1556,9.286,17.589
1557,9.399,17.457
1558,9.459,17.65
1559,9.436,17.481
1560,9.392,17.601
1561,9.458,17.404
1562,9.392,17.473
1563,9.428,17.473
1564,9.402,17.651
1565,9.387,17.474
1566,9.427,17.576
1567,9.331,17.442
1568,9.466,17.489
1569,9.438,17.709
1570,9.513,17.444
1571,9.496,17.601
1572,9.389,17.653
1573,9.485,17.531
1574,9.576,17.563
1575,9.48,17.533
1576,9.44,17.591
1577,9.431,17.525
1578,9.509,17.65
1579,9.437,17.487
1580,9.399,17.62
1581,9.562,17.688
1582,9.528,17.66
1583,9.477,17.373
1584,9.335,17.573
1585,9.278,17.47
1586,9.506,17.525
1587,9.393,17.564
1588,9.418,17.663
1589,9.339,17.661
1590,9.412,17.597
1591,9.489,17.478
1592,9.414,17.692
1593,9.534,17.55
1594,9.481,17.691
1595,9.371,17.605
1596,9.304,17.539
1597,9.308,17.438
1598,9.562,17.679
1599,9.421,17.643
1600,9.414,17.506
1601,9.432,17.592
1602,9.399,17.597
1603,9.294,17.504
1604,9.256,17.707
1605,9.429,17.642
1606,9.559,17.608
1607,9.346,17.526
1608,9.391,17.494
1609,9.368,17.44
1610,9.481,17.713
1611,9.472,17.577
1612,9.435,17.591
1613,9.447,17.609
1614,9.361,17.601
1615,9.438,17.469
1616,9.31,17.643
1617,9.361,17.607
1618,9.32,17.512
1619,9.398,17.674
1620,9.37,17.607
1621,9.367,17.461
1622,9.289,17.759
1623,9.371,17.546
1624,9.413,17.752
1625,9.53,17.711
1626,9.41,17.316
1627,9.4,17.451
1628,9.427,17.749
1629,9.402,17.579
1630,9.549,17.583
1631,9.443,17.62
1632,9.383,17.691
1633,9.436,17.606
1634,9.437,17.738
1635,9.432,17.456
1636,9.509,17.593
1637,9.497,17.555
1638,9.426,17.521
1639,9.375,17.379
1640,9.38,17.547
1641,9.514,17.753
1642,9.43,17.535
1643,9.323,17.571
1644,9.386,17.444
1645,9.394,17.487
1646,9.418,17.825
1647,9.582,17.68
1648,9.491,17.569
1649,9.503,17.384
1650,9.404,17.323
1651,9.331,17.284
1652,9.278,17.695
1653,9.352,17.536
1654,9.395,17.543
1655,9.425,17.43
1656,9.509,17.405
1657,9.556,17.374
1658,9.635,17.776
1659,9.652,17.494
1660,9.397,17.469
1661,9.45,17.559
1662,9.59,17.491
1663,9.603,17.41
1664,9.521,17.647
1665,9.381,17.621
1666,9.486,17.562
1667,9.582,17.466
1668,9.327,17.457
1669,9.325,17.621
1670,9.464,17.549
1671,9.285,17.515
1672,9.398,17.509
1673,9.459,17.51
1674,9.421,17.522
1675,9.408,17.366
1676,9.278,17.738
1677,9.396,17.568
1678,9.556,17.581
1679,9.411,17.54
1680,9.426,17.443
1681,9.364,17.384
1682,9.454,17.71
1683,9.556,17.447
1684,9.533,17.428
1685,9.491,17.552
1686,9.518,17.561
1687,9.444,17.383
1688,9.412,17.619
1689,9.443,17.566
1690,9.476,17.546
1691,9.341,17.426
1692,9.326,17.424
1693,9.399,17.481
1694,9.469,17.458
1695,9.488,17.67
1696,9.338,17.648
1697,9.315,17.557
1698,9.371,17.467
1699,9.403,17.377
1700,9.501,17.695
1701,9.461,17.774
1702,9.571,17.743
1703,9.615,17.491
1704,9.454,17.476
1705,9.373,17.483
1706,9.546,17.727
1707,9.466,17.597
1708,9.354,17.643
1709,9.408,17.544
1710,9.366,17.303
1711,9.366,17.266
1712,9.464,17.58
1713,9.339,17.596
1714,9.508,17.515
1715,9.389,17.463
1716,9.346,17.572
1717,9.262,17.463
1718,9.343,17.707
1719,9.343,17.518
1720,9.511,17.539
1721,9.449,17.474
1722,9.38,17.46
1723,9.472,17.324
1724,9.329,17.547
1725,9.422,17.689
1726,9.466,17.588
1727,9.427,17.618
1728,9.199,17.506
1729,9.382,17.403
1730,9.603,17.645
1731,9.365,17.54
1732,9.319,17.581
1733,9.417,17.429
1734,9.429,17.367
1735,9.344,17.376
1736,9.328,17.571
1737,9.376,17.622
1738,9.389,17.604
1739,9.372,17.483
1740,9.347,17.506
1741,9.374,17.467
1742,9.446,17.553
1743,9.439,17.503
1744,9.415,17.7
1745,9.357,17.404
1746,9.352,17.388
1747,9.424,17.488
1748,9.174,17.469
1749,9.408,17.483
1750,9.568,17.58
1751,9.622,17.417
1752,9.476,17.291
1753,9.355,17.413
1754,9.463,17.662
1755,9.461,17.461
1756,9.236,17.509
1757,9.481,17.464
1758,9.464,17.478
1759,9.5,17.375
1760,9.444,17.647
1761,9.287,17.636
1762,9.358,17.443
1763,9.343,17.344
1764,9.286,17.623
1765,9.476,17.492
1766,9.575,17.5
1767,9.651,17.477
1768,9.422,17.615
1769,9.467,17.61
1770,9.605,17.473
1771,9.46,17.408
1772,9.416,17.366
1773,9.421,17.497
1774,9.498,17.741
1775,9.415,17.514
1776,9.421,17.606
1777,9.399,17.417
1778,9.425,17.499
1779,9.309,17.722
1780,9.34,17.601
1781,9.509,17.521
1782,9.467,17.616
1783,9.539,17.349
1784,9.538,17.778
1785,9.555,17.605
1786,9.424,17.554
1787,9.288,17.496
1788,9.287,17.435
1789,9.288,17.467
1790,9.352,17.619
1791,9.4,17.574
1792,9.517,17.692
1793,9.41,17.657
1794,9.349,17.427
1795,9.358,17.401
1796,9.464,17.693
1797,9.456,17.59
1798,9.553,17.536
1799,9.259,17.454
1800,9.339,17.428
1801,9.372,17.409
1802,9.362,17.609
1803,9.327,17.494
1804,9.317,17.587
1805,9.439,17.415
1806,9.425,17.431
1807,9.615,17.394
1808,9.505,17.814
1809,9.475,17.528
1810,9.525,17.49
1811,9.374,17.615
1812,9.313,17.331
1813,9.446,17.361
1814,9.499,17.5
1815,9.465,17.534
1816,9.382,17.483
1817,9.434,17.361
1818,9.406,17.607
1819,9.387,17.378
1820,9.309,17.545
1821,9.366,17.456
1822,9.413,17.385
1823,9.385,17.639
1824,9.484,17.516
1825,9.478,17.507
1826,9.548,17.522
1827,9.403,17.363
1828,9.351,17.631
1829,9.399,17.496
1830,9.41,17.355
1831,9.333,17.442
1832,9.381,17.768
1833,9.516,17.644
1834,9.377,17.498
1835,9.354,17.375
1836,9.332,17.498
1837,9.338,17.457
1838,9.465,17.659
1839,9.456,17.488
1840,9.407,17.715
1841,9.344,17.456
1842,9.431,17.397
1843,9.381,17.423
1844,9.381,17.527
1845,9.513,17.627
1846,9.366,17.396
1847,9.39,17.454
1848,9.236,17.599
1849,9.246,17.525
1850,9.378,17.746
1851,9.361,17.524
1852,9.478,17.564
1853,9.435,17.644
1854,9.474,17.518
1855,9.4,17.243
1856,9.219,17.624
1857,9.485,17.768
1858,9.326,17.519
1859,9.373,17.333
1860,9.275,17.437
1861,9.319,17.484
1862,9.359,17.613
1863,9.31,17.599
1864,9.422,17.515
1865,9.395,17.336
1866,9.525,17.572
1867,9.488,17.444
1868,9.335,17.589
1869,9.315,17.407
1870,9.346,17.482
1871,9.38,17.515
1872,9.342,17.604
1873,9.319,17.607
1874,9.431,17.603
1875,9.343,17.507
1876,9.22,17.392
1877,9.322,17.477
1878,9.32,17.41
1879,9.278,17.447
1880,9.458,17.678
1881,9.474,17.578
1882,9.363,17.463
1883,9.363,17.389
1884,9.45,17.58
1885,9.479,17.519
1886,9.499,17.596
1887,9.588,17.507
1888,9.33,17.492
1889,9.333,17.452
1890,9.42,17.516
1891,9.324,17.381
1892,9.437,17.56
1893,9.345,17.521
1894,9.294,17.421
1895,9.286,17.461
1896,9.369,17.491
1897,9.437,17.332
1898,9.462,17.542
1899,9.358,17.458
1900,9.404,17.546
1901,9.428,17.339
1902,9.438,17.389
1903,9.438,17.419
1904,9.361,17.631
1905,9.474,17.537
1906,9.448,17.759
1907,9.431,17.621
1908,9.342,17.434
1909,9.335,17.747
1910,9.421,17.69
1911,9.391,17.636
1912,9.384,17.616
1913,9.49,17.489
1914,9.33,17.535
1915,9.319,17.378
1916,9.314,17.547
1917,9.473,17.607
1918,9.405,17.581
1919,9.506,17.517
1920,9.442,17.705
1921,9.433,17.512
1922,9.51,17.541
1923,9.395,17.6
1924,9.439,17.576
1925,9.358,17.613
1926,9.482,17.485
1927,9.433,17.346
1928,9.374,17.768
1929,9.332,17.526
1930,9.319,17.53
1931,9.4,17.525
1932,9.301,17.539
1933,9.427,17.422
1934,9.572,17.487
1935,9.478,17.614
1936,9.376,17.785
1937,9.366,17.377
1938,9.427,17.374
1939,9.375,17.467
1940,9.422,17.865
1941,9.478,17.692
1942,9.31,17.46
1943,9.475,17.557
1944,9.406,17.584
1945,9.478,17.523
1946,9.502,17.601
1947,9.313,17.473
1948,9.443,17.806
1949,9.372,17.626
1950,9.355,17.371
1951,9.507,17.544
1952,9.314,17.727
1953,9.412,17.565
1954,9.391,17.491
1955,9.451,17.532
1956,9.236,17.544
1957,9.225,17.353
1958,9.573,17.475
1959,9.419,17.61
1960,9.365,17.632
1961,9.524,17.457
1962,9.397,17.442
1963,9.332,17.428
1964,9.56,17.689
1965,9.455,17.495
1966,9.302,17.581
1967,9.473,17.495
1968,9.444,17.719
1969,9.382,17.555
1970,9.389,17.476
1971,9.451,17.444
1972,9.464,17.616
1973,9.488,17.595
1974,9.41,17.546
1975,9.412,17.436
1976,9.385,17.683
1977,9.376,17.768
1978,9.551,17.501
1979,9.493,17.453
1980,9.417,17.635
1981,9.431,17.505
1982,9.544,17.498
1983,9.484,17.462
1984,9.483,17.649
1985,9.499,17.631
1986,9.5,17.41
1987,9.426,17.46
1988,9.331,17.621
1989,9.442,17.697
1990,9.406,17.617
1991,9.403,17.441
1992,9.347,17.701
1993,9.308,17.448
1994,9.388,17.535
1995,9.344,17.391
1996,9.513,17.47
1997,9.444,17.418
1998,9.389,17.619
1999,9.521,17.51
2000,9.357,17.599
2001,9.464,17.694
2002,9.333,17.634
2003,9.518,17.311
2004,9.511,17.552
2005,9.509,17.545
2006,9.459,17.693
2007,9.414,17.546
2008,9.402,17.686
2009,9.398,17.754
2010,9.479,17.494
2011,9.479,17.369
2012,9.524,17.655
2013,9.446,17.598
2014,9.427,17.415
2015,9.54,17.561
2016,9.287,17.661
2017,9.326,17.379
2018,9.484,17.603
2019,9.436,17.536
2020,9.467,17.644
2021,9.487,17.673
2022,9.473,17.564
2023,9.427,17.333
2024,9.417,17.577
2025,9.48,17.678
2026,9.616,17.698
2027,9.514,17.53
2028,9.331,17.473
2029,9.33,17.35
2030,9.515,17.531
2031,9.436,17.5
2032,9.365,17.587
2033,9.369,17.692
2034,9.288,17.341
2035,9.383,17.346
2036,9.375,17.662
2037,9.391,17.603
2038,9.461,17.443
2039,9.463,17.466
2040,9.346,17.549
2041,9.525,17.443
2042,9.307,17.704
2043,9.281,17.459
2044,9.255,17.781
2045,9.544,17.608
2046,9.445,17.514
2047,9.372,17.386
